"isolate_id","collection_year"
"04013226_2_flA8",2002
"04013226_2_flA9",2002
"04013226_2_flB10",2002
"04013226_2_flC1",2002
"04013226_2_flD12",2002
"04013226_2_flD7",2002
"04013226_2_flH11",2002
"04013226_2_flH5",2002
"04013226_2_flH6",2002
"04013396_0_flE6",2005
"04013396_0_flF3",2005
"04013396_0_flF4",2005
"04013396_0_flG7",2005
"04013396_0_flG8",2005
"1006F",2007
"1006M",2007
"1006M",2008
"1006M",2009
700010470,2008
700010607,2008
702010141,2007
702010293,2008
702010440,2008
703010131,2007
703010167,2007
703010200,2007
703010200,2008
703010200,2009
703010228,2007
703010269,2008
704010042,2007
705010067,2007
705010162,2007
705010185,2007
705010198,2007
706010164,2007
"CH040",2006
"CH1064",2009
"CH1064_SGA.1A12",2009
"CH1064_SGA.1A3",2009
"CH1064_SGA.1A5",2009
"CH1064_SGA.1B10",2009
"CH1064_SGA.1C10",2009
"CH1064_SGA.1C5",2009
"CH1064_SGA.1D8",2009
"CH1064_SGA.1E6",2009
"CH1064_SGA.1F10",2009
"CH1064_SGA.1F11",2009
"CH1064_SGA.1G3",2009
"CH1064_SGA.1H11",2009
"CH1064_SGA.1H4",2009
"CH1064_SGA.1H5",2009
"CH1064_SGA.1H8",2009
"CH1064_SGA.2A1",2009
"CH1064_SGA.2A10",2009
"CH1064_SGA.2A11",2009
"CH1064_SGA.2A4",2009
"CH1064_SGA.2A7",2009
"CH1064_SGA.2B2",2009
"CH1064_SGA.2B3",2009
"CH1064_SGA.2B5",2009
"CH1064_SGA.2B7",2009
"CH1064_SGA.2C4",2009
"CH1064_SGA.2C6",2009
"CH1064_SGA.2C8",2009
"CH1064_SGA.2D2",2009
"CH1064_SGA.2D5",2009
"CH1064_SGA.2E6",2009
"CH1064_SGA.2F10",2009
"CH1064_SGA.2F12",2009
"CH1064_SGA.2F4",2009
"CH1064_SGA.2F8",2009
"CH1064_SGA.2G5",2009
"CH1064_SGA.2G7",2009
"CH1064_SGA.2G8",2009
"CH1064_SGA.2H10",2009
"CH1064_SGA.2H11",2009
"CH1064_SGA.2H6",2009
"CH1064_SGA.2H7",2009
"CH148",2006
"CH148_SGA.5.01",2006
"CH148_SGA.5.03",2006
"CH148_SGA.5.04",2006
"CH148_SGA.5.06",2006
"CH148_SGA.5.07",2006
"CH148_SGA.5.08",2006
"CH148_SGA.5.10",2006
"CH148_SGA.5.11",2006
"CH148_SGA.5.13",2006
"CH148_SGA.5.15",2006
"CH148_SGA.5.16",2006
"CH148_SGA.5.17",2006
"CH148_SGA.5.18",2006
"CH148_SGA.5.19",2006
"CH148_SGA.5.20",2006
"CH148_SGA.5.22",2006
"CH148_SGA.5.24",2006
"CH148_SGA.5.25",2006
"CH148_SGA.5.26",2006
"CH148_SGA.5.27",2006
"CH148_SGA.5.28",2006
"CH148_SGA.5.30",2006
"CH148_SGA.5.31",2006
"CH148_SGA.5.33",2006
"CH148_SGA.5.37",2006
"CH148_SGA.5.38",2006
"CH148_SGA.5.40",2006
"CH162",2007
"CH212",2007
"CH212_SGA.1A9",2007
"CH212_SGA.1B10",2007
"CH212_SGA.1B11",2007
"CH212_SGA.1B2",2007
"CH212_SGA.1C6",2007
"CH212_SGA.1D1",2007
"CH212_SGA.1D6",2007
"CH212_SGA.1E2",2007
"CH212_SGA.1E3",2007
"CH212_SGA.1E9",2007
"CH212_SGA.1F12",2007
"CH212_SGA.1G8",2007
"CH212_SGA.1H5",2007
"CH212_SGA.1H7",2007
"CH212_SGA.1H9",2007
"CH212_SGA.2A10",2007
"CH212_SGA.2A11",2007
"CH212_SGA.2B6",2007
"CH212_SGA.2B7",2007
"CH212_SGA.2B8",2007
"CH212_SGA.2D1",2007
"CH212_SGA.2D5",2007
"CH212_SGA.2D6",2007
"CH212_SGA.2D8",2007
"CH212_SGA.2E10",2007
"CH212_SGA.2F10",2007
"CH212_SGA.2F11",2007
"CH212_SGA.2F2",2007
"CH212_SGA.2F3",2007
"CH212_SGA.2G1",2007
"CH212_SGA.2G2",2007
"CH212_SGA.2G5",2007
"CH212_SGA.2H9",2007
"CH302",2008
"CH302_SGA.5.01",2008
"CH302_SGA.5.04",2008
"CH302_SGA.5.05",2008
"CH302_SGA.5.06",2008
"CH302_SGA.5.08",2008
"CH302_SGA.5.09",2008
"CH302_SGA.5.12",2008
"CH302_SGA.5.13",2008
"CH302_SGA.5.14",2008
"CH302_SGA.5.15",2008
"CH302_SGA.5.16",2008
"CH302_SGA.5.17",2008
"CH302_SGA.5.18",2008
"CH302_SGA.5.19",2008
"CH302_SGA.5.20",2008
"CH302_SGA.5.21",2008
"CH302_SGA.5.23",2008
"CH302_SGA.5.24",2008
"CH378",2008
"CH378_SGA.1A3",2008
"CH378_SGA.1A4",2008
"CH378_SGA.1B2",2008
"CH378_SGA.1C4",2008
"CH378_SGA.1D1",2008
"CH378_SGA.1D2",2008
"CH378_SGA.1D6",2008
"CH378_SGA.1F4",2008
"CH378_SGA.1F5",2008
"CH378_SGA.1F8",2008
"CH378_SGA.1G11",2008
"CH378_SGA.1G2",2008
"CH378_SGA.1H4",2008
"CH378_SGA.1H9",2008
"CH378_SGA.2B11",2008
"CH378_SGA.2C10",2008
"CH378_SGA.2C4",2008
"CH378_SGA.2D12",2008
"CH378_SGA.2D5",2008
"CH378_SGA.2E11",2008
"CH378_SGA.2E6",2008
"CH378_SGA.2F11",2008
"CH378_SGA.2F3",2008
"CH378_SGA.2F4",2008
"CH378_SGA.2G8",2008
"CH378_SGA.2H10",2008
"CH378_SGA.2H11",2008
"CH378_SGA.2H5",2008
"CH378_SGA.2H7",2008
"CH378_SGA.2H9",2008
"CH40d111_C1",2006
"CH40d111_C2",2006
"CH40d111_D1",2006
"CH40d111_D2",2006
"CH40d111_D3",2006
"CH40d111_D4",2006
"CH40d111_D5",2006
"CH40d111_D6",2006
"CH40d111_D7",2006
"CH40d111_G1",2006
"CH40d111_G3",2006
"CH40d111_G4",2006
"CH40d111_G7",2006
"CH40d111_G8",2006
"CH40d111_H2",2006
"CH40d111_I1",2006
"CH40d111_I2",2006
"CH40d181_B2",2007
"CH40d181_D1",2007
"CH40d181_D10",2007
"CH40d181_D5",2007
"CH40d181_D7",2007
"CH40d181_D8",2007
"CH40d181_D9",2007
"CH40d181_G3",2007
"CH40d181_H1",2007
"CH40d181_H2",2007
"CH40d181_H3",2007
"CH40d181_H4",2007
"CH40d181_H6",2007
"CH40d181_H7",2007
"CH40d181_I1",2007
"CH40d181_I2",2007
"CH40d181_I5",2007
"CH40d181_I6",2007
"CH40d181_J1",2007
"CH40d181_J10",2007
"CH40d181_J3",2007
"CH40d181_J7",2007
"CH40d412_C1",2007
"CH40d412_C3",2007
"CH40d412_D10",2007
"CH40d412_D12",2007
"CH40d412_D13",2007
"CH40d412_D18",2007
"CH40d412_D19",2007
"CH40d412_D3",2007
"CH40d412_D4",2007
"CH40d412_D5",2007
"CH40d412_D7",2007
"CH40d412_D8",2007
"CH40d412_G3",2007
"CH40d412_G4",2007
"CH40d412_G5",2007
"CH40d412_G7",2007
"CH40d412_G9",2007
"CH40d412_H15",2007
"CH40d412_H2",2007
"CH40d412_H3",2007
"CH40d412_H7",2007
"CH40d412_H9",2007
"CH40d412_I11",2007
"CH40d45_A1",2006
"CH40d45_A2",2006
"CH40d45_A3",2006
"CH40d45_B1",2006
"CH40d45_B2",2006
"CH40d45_C1",2006
"CH40d45_C2",2006
"CH40d45_C7",2006
"CH40d45_D14",2006
"CH40d45_D16",2006
"CH40d45_D17",2006
"CH40d45_D18",2006
"CH40d45_D2",2006
"CH40d45_D7",2006
"CH40d45_I10",2006
"CH40d45_I11",2006
"CH40d45_I12",2006
"CH40d45_I13",2006
"CH40d45_I14",2006
"CH40d45_I15",2006
"CH40d45_I16",2006
"CH40d45_I3",2006
"CH40d45_I4",2006
"CH40d45_I6",2006
"CH40d45_I7",2006
"CH40d45_I9",2006
"CH40d45_L1",2006
"CH40d45_L2",2006
"CH40d45_L3",2006
"CH40d45_L4",2006
"CH40d45_M1",2006
"CH40d45_M10",2006
"CH40d45_M11",2006
"CH40d45_M12",2006
"CH40d45_M13",2006
"CH40d45_M2",2006
"CH40d45_M3",2006
"CH40d45_M4",2006
"CH40d45_M5",2006
"CH40d45_M6",2006
"CH40d45_M7",2006
"CH40d45_M8",2006
"CH40d45_M9",2006
"CH40E_flA1",2006
"CH40E_flA2",2006
"CH40E_flA3",2006
"CH40E_flC7",2006
"CH40E_flF10",2006
"CH40E_flF7",2006
"CH40E_flF9",2006
"CH40E_flG3",2006
"CH40E_flG6",2006
"CH40E_L1",2006
"CH40E_L2",2006
"CH40E_L3",2006
"CH40E_M1",2006
"CH40E_M10",2006
"CH40E_M11",2006
"CH40E_M2",2006
"CH40E_M3",2006
"CH40E_M4",2006
"CH40E_M5",2006
"CH40E_M6",2006
"CH40E_M7",2006
"CH40E_M8",2006
"CH40E_M9",2006
"CH40E_N11",2006
"CH40E_N12",2006
"CH40E_N13",2006
"CH40E_N14",2006
"CH40S_L1",2006
"CH40S_L3",2006
"CH40S_L4",2006
"CH40S_L5",2006
"CH40S_L6",2006
"CH40S_L7",2006
"CH40S_M1",2006
"CH40S_M10",2006
"CH40S_M11",2006
"CH40S_M14",2006
"CH40S_M15",2006
"CH40S_M16",2006
"CH40S_M17",2006
"CH40S_M18",2006
"CH40S_M19",2006
"CH40S_M2",2006
"CH40S_M20",2006
"CH40S_M21",2006
"CH40S_M22",2006
"CH40S_M3",2006
"CH40S_M4",2006
"CH40S_M5",2006
"CH40S_M6",2006
"CH40S_M7",2006
"CH40S_M8",2006
"CH40S_M9",2006
"CH427",2008
"CH427_SGA.600.1",2008
"CH427_SGA.600.10",2008
"CH427_SGA.600.11",2008
"CH427_SGA.600.12",2008
"CH427_SGA.600.13",2008
"CH427_SGA.600.14",2008
"CH427_SGA.600.15",2008
"CH427_SGA.600.16",2008
"CH427_SGA.600.18",2008
"CH427_SGA.600.19",2008
"CH427_SGA.600.2",2008
"CH427_SGA.600.20",2008
"CH427_SGA.600.21",2008
"CH427_SGA.600.22",2008
"CH427_SGA.600.24",2008
"CH427_SGA.600.25",2008
"CH427_SGA.600.26",2008
"CH427_SGA.600.27",2008
"CH427_SGA.600.29",2008
"CH427_SGA.600.3",2008
"CH427_SGA.600.30",2008
"CH427_SGA.600.31",2008
"CH427_SGA.600.32",2008
"CH427_SGA.600.33",2008
"CH427_SGA.600.35",2008
"CH427_SGA.600.36",2008
"CH427_SGA.600.37",2008
"CH427_SGA.600.39",2008
"CH427_SGA.600.4",2008
"CH427_SGA.600.6",2008
"CH427_SGA.600.7",2008
"CH427_SGA.600.8",2008
"CH427_SGA.600.9",2008
"CH455",2008
"CH455_SGA.5.01",2008
"CH455_SGA.5.05",2008
"CH455_SGA.5.06",2008
"CH455_SGA.5.07",2008
"CH455_SGA.5.08",2008
"CH455_SGA.5.09",2008
"CH455_SGA.5.11",2008
"CH455_SGA.5.12",2008
"CH455_SGA.5.14",2008
"CH455_SGA.5.15",2008
"CH455_SGA.5.19",2008
"CH455_SGA.5.25",2008
"CH455_SGA.5.26",2008
"CH455_SGA.5.28",2008
"CH455_SGA.5.29",2008
"CH455_SGA.5.30",2008
"CH455_SGA.5.31",2008
"CH455_SGA.5.32",2008
"CH492",2008
"CH492_SGA.1A12",2008
"CH492_SGA.1A5",2008
"CH492_SGA.1A7",2008
"CH492_SGA.1A8",2008
"CH492_SGA.1A9",2008
"CH492_SGA.1B11",2008
"CH492_SGA.1B5",2008
"CH492_SGA.1D12",2008
"CH492_SGA.1D2",2008
"CH492_SGA.1D3",2008
"CH492_SGA.1D4",2008
"CH492_SGA.1D6",2008
"CH492_SGA.1E1",2008
"CH492_SGA.1E10",2008
"CH492_SGA.1E9",2008
"CH492_SGA.1F1",2008
"CH492_SGA.1F11",2008
"CH492_SGA.1G11",2008
"CH492_SGA.1G3",2008
"CH492_SGA.1H1",2008
"CH492_SGA.1H11",2008
"CH492_SGA.1H4",2008
"CH492_SGA.1H8",2008
"CH492_SGA.2A4",2008
"CH492_SGA.2B7",2008
"CH492_SGA.2B8",2008
"CH492_SGA.2C12",2008
"CH492_SGA.2C6",2008
"CH492_SGA.2D2",2008
"CH492_SGA.2E7",2008
"CH492_SGA.2F5",2008
"CH492_SGA.2F8",2008
"CH492_SGA.2G12",2008
"CH492_SGA.2G3",2008
"CH492_SGA.2G4",2008
"CH492_SGA.2G6",2008
"CH492_SGA.2G8",2008
"CH492_SGA.2H8",2008
"CH58d154_3A1",2007
"CH58d154_5A1",2007
"CH58d154_5C2",2007
"CH58d350_3B1",2007
"CH58d350_3B2",2007
"CH58d350_5C1",2007
"CH58d350_5C2",2007
"CH58d350_5C3",2007
"CH58d45_3A1",2006
"CH58d45_3A2",2006
"CH58d45_3A3",2006
"CH58d45_3A5",2006
"CH58d45_3A6",2006
"CH58d45_3B3",2006
"CH58d45_3B4",2006
"CH58d45_3B5",2006
"CH58d45_3B7",2006
"CH58d45_5A2",2006
"CH58d45_5A4",2006
"CH58d45_5C1",2006
"CH58d45_5C10",2006
"CH58d45_5C12",2006
"CH58d45_5C2",2006
"CH58d45_5C3",2006
"CH58d45_5C6",2006
"CH58d45_5C8",2006
"CH58d85_3A1",2006
"CH58d85_3A2",2006
"CH58d85_3B1",2006
"CH58d85_3B2",2006
"CH58d85_3B3",2006
"CH58d85_3B4",2006
"CH58d85_3B5",2006
"CH58d85_3B6",2006
"CH58d85_3B7",2006
"CH58d85_5A1",2006
"CH58d85_5C1",2006
"CH58d85_5C2",2006
"CH58d85_5C3",2006
"CH58d85_5C4",2006
"CH58d85_5C5",2006
"CH58d85_5C7",2006
"CH58d85_5C8",2006
"CH58d85_5C9",2006
"CH58E_flA1",2006
"CH58E_flA6",2006
"CH58E_flA7",2006
"CH58E_flA8",2006
"CH58E_flA9",2006
"CH58E_flC4",2006
"CH58E_flC5",2006
"CH58S_N1",2006
"CH58S_N11",2006
"CH58S_N12",2006
"CH58S_N14",2006
"CH58S_N16",2006
"CH58S_N3",2006
"CH58S_N4",2006
"CH58S_N5",2006
"CH58S_N6",2006
"CH58S_N7",2006
"CH58S_N8",2006
"CH58S_N9",2006
"CH58S_P11",2006
"CH58S_P13",2006
"CH58S_P15",2006
"CH58S_P16",2006
"CH58S_P17",2006
"CH58S_P18",2006
"CH58S_P2",2006
"CH58S_P22",2006
"CH58S_P6",2006
"CH58S_P7",2006
"CH58S_P8",2006
"CH58S_P9",2006
"CH596",2008
"CH596_SGA.1A11",2008
"CH596_SGA.1B10",2008
"CH596_SGA.1B11",2008
"CH596_SGA.1C1",2008
"CH596_SGA.1C5",2008
"CH596_SGA.1C9",2008
"CH596_SGA.1D2",2008
"CH596_SGA.1D4",2008
"CH596_SGA.1D8",2008
"CH596_SGA.1D9",2008
"CH596_SGA.1E11",2008
"CH596_SGA.1E12",2008
"CH596_SGA.1E7",2008
"CH596_SGA.1F2",2008
"CH596_SGA.1F5",2008
"CH596_SGA.1F6",2008
"CH596_SGA.1G11",2008
"CH596_SGA.1G12",2008
"CH596_SGA.1G7",2008
"CH596_SGA.1G9",2008
"CH596_SGA.1H11",2008
"CH596_SGA.1H2",2008
"CH596_SGA.1H7",2008
"CH596_SGA.1H9",2008
"CH596_SGA.2A12",2008
"CH596_SGA.2A5",2008
"CH596_SGA.2A7",2008
"CH596_SGA.2C4",2008
"CH596_SGA.2D5",2008
"CH596_SGA.2D7",2008
"CH596_SGA.2E1",2008
"CH596_SGA.2E10",2008
"CH596_SGA.2E3",2008
"CH596_SGA.2F5",2008
"CH596_SGA.2F7",2008
"CH596_SGA.2G2",2008
"CH596_SGA.2G6",2008
"CH596_SGA.2H1",2008
"CH596_SGA.2H5",2008
"CH728",2008
"CH728.PL.280708.UT.15",2008
"CH728.PL.280708.UT.16",2008
"CH728_SGA.20.01",2008
"CH728_SGA.20.02",2008
"CH728_SGA.20.04",2008
"CH728_SGA.20.05",2008
"CH728_SGA.20.06",2008
"CH728_SGA.20.12",2008
"CH728_SGA.20.14",2008
"CH728_SGA.20.15",2008
"CH728_SGA.20.18",2008
"CH728_SGA.20.19",2008
"CH728_SGA.20.21",2008
"CH728_SGA.20.25",2008
"CH728_SGA.20.26",2008
"CH728_SGA.20.28",2008
"CH728_SGA.20.29",2008
"CH728_SGA.5.02",2008
"CH728_SGA.5.03",2008
"CH728_SGA.5.04",2008
"CH728_SGA.5.14",2008
"CH742",2008
"CH742.SE.082708.BE.1",2008
"CH742_SGA.1B3",2008
"CH742_SGA.1B9",2008
"CH742_SGA.1C8",2008
"CH742_SGA.1C9",2008
"CH742_SGA.1D11",2008
"CH742_SGA.1D6",2008
"CH742_SGA.1D7",2008
"CH742_SGA.1E1",2008
"CH742_SGA.1E2",2008
"CH742_SGA.1E9",2008
"CH742_SGA.1F8",2008
"CH742_SGA.1G3",2008
"CH742_SGA.1G4",2008
"CH742_SGA.1G8",2008
"CH742_SGA.1H9",2008
"CH742_SGA.2A3",2008
"CH742_SGA.2B11",2008
"CH742_SGA.2D11",2008
"CH742_SGA.2D7",2008
"CH742_SGA.2D8",2008
"CH742_SGA.2E10",2008
"CH742_SGA.2E11",2008
"CH742_SGA.2E3",2008
"CH742_SGA.2E6",2008
"CH742_SGA.2F4",2008
"CH742_SGA.2G11",2008
"CH742_SGA.2G6",2008
"CH742_SGA.2G8",2008
"CH77d102_B1",2006
"CH77d102_C1",2006
"CH77d102_C2",2006
"CH77d102_C3",2006
"CH77d102_E1",2006
"CH77d102_TA1",2006
"CH77d102_TA2",2006
"CH77d102_TB1",2006
"CH77d102_TB2",2006
"CH77d159_B1",2007
"CH77d159_B2",2007
"CH77d159_B3",2007
"CH77d159_B4",2007
"CH77d159_C1",2007
"CH77d159_C3",2007
"CH77d159_C4",2007
"CH77d159_C5",2007
"CH77d159_T1",2007
"CH77d159_TA1",2007
"CH77d159_TA2",2007
"CH77d159_TA3",2007
"CH77d159_TA4",2007
"CH77d159_TA6",2007
"CH77d159_TB1",2007
"CH77d159_TB2",2007
"CH77d159_TB3",2007
"CH77d159_TB4",2007
"CH77d159_TB5",2007
"CH77d159_TB6",2007
"CH77d159_TB7",2007
"CH77d32_B1",2006
"CH77d32_D1",2006
"CH77d32_D2",2006
"CH77d32_D3",2006
"CH77d32_T1",2006
"CH77d32_TA1",2006
"CH77d32_TB1",2006
"CH77d32_TB2",2006
"CH77d32_TB4",2006
"CH77d32_TB5",2006
"CH77d32_TB6",2006
"CH77d32_TB7",2006
"CH77d32_TB8",2006
"CH77d32_TC13",2006
"CH77d32_TC15",2006
"CH77d32_TC2",2006
"CH77d32_TC3",2006
"CH77d32_TC4",2006
"CH77E_flA1",2006
"CH77E_flA2",2006
"CH77E_flB3",2006
"CH77E_flC3",2006
"CH77E_flC4",2006
"CH77E_flC7",2006
"CH77E_flC9",2006
"CH77E_flD5",2006
"CH77E_L2",2006
"CH77E_L4",2006
"CH77E_L5",2006
"CH77E_L6",2006
"CH77E_L7",2006
"CH77E_L8",2006
"CH77E_M1",2006
"CH77E_M2",2006
"CH77E_M21",2006
"CH77E_M22",2006
"CH77E_M24",2006
"CH77E_M25",2006
"CH77E_M26",2006
"CH77E_M3",2006
"CH77E_M4",2006
"CH77E_M6",2006
"CH77E_O1",2006
"CH77E_O2",2006
"CH77E_O3",2006
"CH77E_O4",2006
"CH77E_O5",2006
"CH77E_O7",2006
"CH77S_C1",2006
"CH77S_E1",2006
"CH77S_G2",2006
"CH77S_H9",2006
"CH77S_O1",2006
"CH77S_O10",2006
"CH77S_O11",2006
"CH77S_O12",2006
"CH77S_O13",2006
"CH77S_O14",2006
"CH77S_O16",2006
"CH77S_O17",2006
"CH77S_O19",2006
"CH77S_O20",2006
"CH77S_O21",2006
"CH77S_O9",2006
"CH831",2008
"CH831_SGA.10S50",2008
"CH831_SGA.11S51",2008
"CH831_SGA.12S52",2008
"CH831_SGA.14S54",2008
"CH831_SGA.15S55",2008
"CH831_SGA.17S57",2008
"CH831_SGA.19S59",2008
"CH831_SGA.1S41",2008
"CH831_SGA.20S60",2008
"CH831_SGA.22S62",2008
"CH831_SGA.23S63",2008
"CH831_SGA.25S65",2008
"CH831_SGA.26S66",2008
"CH831_SGA.28S68",2008
"CH831_SGA.29S69",2008
"CH831_SGA.2S42",2008
"CH831_SGA.34S74",2008
"CH831_SGA.35S75",2008
"CH831_SGA.36S76",2008
"CH831_SGA.37S77",2008
"CH831_SGA.38S78",2008
"CH831_SGA.39S79",2008
"CH831_SGA.3S43",2008
"CH831_SGA.40S80",2008
"CH831_SGA.41S81",2008
"CH831_SGA.42S82",2008
"CH831_SGA.43S83",2008
"CH831_SGA.44S84",2008
"CH831_SGA.45S85",2008
"CH831_SGA.46S86",2008
"CH831_SGA.47S87",2008
"CH831_SGA.48S88",2008
"CH831_SGA.4S44",2008
"CH831_SGA.52S92",2008
"CH831_SGA.53S93",2008
"CH831_SGA.56S96",2008
"CH831_SGA.7S47",2008
"CH831_SGA.8S48",2008
"CH831_SGA.9S49",2008
"CH848",2008
"MCST4474",2007
"RHGA1581",2003
"STCO5453",2005
"SUMA_flC5",1991
"SUMA_flC7",1991
"SUMA_flD10",1991
"SUMA_flD3",1991
"SUMA_flE5",1991
"SUMA_flE7",1991
"TRJO_flA1",2001
"TRJO_flA2",2001
"TRJO_flA9",2001
"TRJO_flB1",2001
"TRJO_flC6",2001
"TRJO_flC9",2001
"TRJO_flD3",2001
"WARO5662",2007
"WEAU_flA11",1990
"WEAU_flE1",1990
"WEAU_flE3",1990
"WEAU_flE8",1990
"WEAU_flF2",1990
"WEAU_flF5",1990
"WEAU_flF6",1990
"WEAU_flF7",1990
"WEAU_flF9",1990
"WITO_flA1",2000
"WITO_flA2",2000
"WITO_flB3",2000
"WITO_flC1",2000
"WITO_flC10",2000
"WITO_flC3",2000
"WITO_flC4",2000
"WITO_flC9",2000
"WITO_flD5",2000
"WITO_flE1",2000
"WITO_flE10",2000
"WITO_flE11",2000
"WITO_flE2",2000
"WITO_flE3",2000
"WITO_flF2",2000
"WITO_flF4",2000
"WITO_flG7",2000
"WITO_flH3",2000
"ZM013F",1999
"ZM013M",1999
"ZM071F",1998
"ZM071M",1998
"ZM1.25F",2000
"ZM1.25M",2000
"ZM1.9F_25-Jan-2008",2008
"ZM1000F",2005
"ZM1003F",2005
"ZM1006F",2007
"ZM1006M",2007
"ZM1006M",2008
"ZM1006M",2009
"ZM1006M_18-Apr-2007",2007
"ZM1008F",2007
"ZM1008M",2007
"ZM1008M",2008
"ZM1008M",2009
"ZM1008M_14-Mar-2007",2007
"ZM1009F",2005
"ZM1013F",2005
"ZM1016M",2005
"ZM1017F",2005
"ZM1019F",2005
"ZM1020M",2005
"ZM1021M",2005
"ZM1022F",2005
"ZM1022M_28-Apr-2007",2007
"ZM1023F",2007
"ZM1023M",2007
"ZM1023M",2008
"ZM1023M",2009
"ZM1023M_26-May-2007",2007
"ZM1024F",2006
"ZM1024F",2007
"ZM1024F",2008
"ZM1024F_02-Dec-2006",2006
"ZM1024M",2006
"ZM1025F",2005
"ZM1026F",2005
"ZM1027F",2005
"ZM1033M",2005
"ZM1034F",2005
"ZM1039F",2005
"ZM103F_17-Sep-2008",2008
"ZM1040F",2005
"ZM1043F",2006
"ZM1043M",2006
"ZM1043M",2007
"ZM1043M",2008
"ZM1043M_23-Feb-2006",2006
"ZM1044F",2006
"ZM1044M",2006
"ZM1044M",2007
"ZM1044M",2008
"ZM1044M_25-Mar-2006",2006
"ZM1047M_14-Aug-2007",2007
"ZM1048F",2005
"ZM1050F",2005
"ZM1057F",2006
"ZM1057M",2006
"ZM1057M",2007
"ZM1057M",2008
"ZM1057M_28-Jan-2006",2006
"ZM1065F",2006
"ZM1065M",2006
"ZM1065M",2007
"ZM1065M",2008
"ZM1065M_04-Aug-2006",2006
"ZM1067F",2009
"ZM1067M",2009
"ZM1067M_31-Jul-2009",2009
"ZM106F_04-Sep-2008",2008
"ZM1072M_16-Aug-2006",2006
"ZM1076F",2006
"ZM1076M",2006
"ZM1076M",2007
"ZM1076M",2008
"ZM1076M_28-Oct-2006",2006
"ZM1078F",2005
"ZM1079M",2005
"ZM107F",2000
"ZM107M",2000
"ZM1082F",2006
"ZM1082F",2007
"ZM1082F",2008
"ZM1082F_13-Sep-2006",2006
"ZM1082M",2006
"ZM1084M",2005
"ZM1085M",2006
"ZM108F",1999
"ZM1093M",2005
"ZM1094F",2008
"ZM1094F_04-Jul-2008",2008
"ZM1094M",2008
"ZM1095F",2005
"ZM1097F",2005
"ZM1098F",2005
"ZM1100M",2005
"ZM1114M_19-Jul-2007",2007
"ZM1115M",2005
"ZM1116F",2005
"ZM1117F",2005
"ZM1123F",2008
"ZM1123M",2008
"ZM1123M_15-May-2008",2008
"ZM1124F",2006
"ZM1124F",2007
"ZM1124F",2008
"ZM1124F_18-May-2006",2006
"ZM1124M",2006
"ZM1125M_07-Apr-2006",2006
"ZM1128F",2005
"ZM1131F",2005
"ZM1132M",2005
"ZM1133M",2005
"ZM1135F",2005
"ZM1137M",2005
"ZM1138F",2005
"ZM1143M",2005
"ZM1146F_04-Jan-2008",2008
"ZM1147F",2005
"ZM1149M_17-Mar-2007",2007
"ZM1150F",2005
"ZM1151M",2005
"ZM1152M",2005
"ZM1154F",2005
"ZM1160F",2005
"ZM1162M",2005
"ZM1163M",2005
"ZM1164F",2005
"ZM1165F",2006
"ZM1165M",2006
"ZM1165M",2007
"ZM1165M",2008
"ZM1165M_16-Mar-2006",2006
"ZM1166F",2006
"ZM1166M",2006
"ZM1166M",2007
"ZM1166M",2008
"ZM1166M_04-Feb-2006",2006
"ZM1167F",2007
"ZM1167M",2007
"ZM1167M",2008
"ZM1167M",2009
"ZM1167M_10-Apr-2007",2007
"ZM1169M",2006
"ZM1171M",2005
"ZM1172F",2005
"ZM1177F",2005
"ZM1180F",2006
"ZM1180M",2006
"ZM1180M",2007
"ZM1180M",2008
"ZM1180M_21-Apr-2006",2006
"ZM1181F",2005
"ZM1183M",2005
"ZM1188F",2005
"ZM1189M",2005
"ZM1192M",2005
"ZM1194F",2005
"ZM1196F",2005
"ZM1201F",2005
"ZM1206M",2005
"ZM1209F",2008
"ZM1209M",2005
"ZM1209M",2008
"ZM1211M",2005
"ZM1213M_18-Feb-2006",2006
"ZM1219M",2005
"ZM1221M",2005
"ZM1223M",2005
"ZM1230M",2005
"ZM1235M",2005
"ZM1239F",2006
"ZM1243M",2005
"ZM1247F",2005
"ZM1249F",2005
"ZM125F",2000
"ZM125M",2000
"ZM1286F",2005
"ZM1286F",2008
"ZM1286M",2008
"ZM1286M_12-Jun-2008",2008
"ZM12F",2000
"ZM12M",2000
"ZM1317F",2005
"ZM1317M",2005
"ZM1317M",2006
"ZM1317M",2007
"ZM1317M",2008
"ZM1317M_13-Dec-2005",2005
"ZM131F",1998
"ZM131M",1998
"ZM132F",2000
"ZM132M",2000
"ZM135F",1999
"ZM1385M_21-Mar-2006",2006
"ZM13F",1999
"ZM1413F",2007
"ZM1413M",2007
"ZM1413M",2008
"ZM1413M",2009
"ZM1413M_13-Jun-2007",2007
"ZM1427M",2006
"ZM1439F",2005
"ZM1440F",2005
"ZM1443M",2005
"ZM1445F",2005
"ZM1450M",2005
"ZM1454F",2006
"ZM1455M",2006
"ZM145F",2000
"ZM145M",2000
"ZM1464F",2006
"ZM1464M_10-Mar-2007",2007
"ZM1465M",2006
"ZM1469F",2006
"ZM1472M",2006
"ZM1473M",2006
"ZM1477F",2006
"ZM1480F",2007
"ZM1480F",2008
"ZM1480F_11-Apr-2007",2007
"ZM1480M",2007
"ZM1482F",2006
"ZM1483F",2006
"ZM1486M",2006
"ZM1489M",2006
"ZM148M_14-Apr-2009",2009
"ZM1491M",2006
"ZM1492M",2006
"ZM1493F",2006
"ZM1494F",2006
"ZM1494F",2007
"ZM1494F",2008
"ZM1494F_18-Nov-2006",2006
"ZM1494M",2006
"ZM1502M",2006
"ZM1505F",2006
"ZM1507M_03-May-2006",2006
"ZM1509M_06-Feb-2008",2008
"ZM150F",2001
"ZM150F",2002
"ZM150M",2001
"ZM1511F",2007
"ZM1511M",2006
"ZM1511M",2007
"ZM1515F",2006
"ZM1515M",2006
"ZM1515M",2007
"ZM1515M",2008
"ZM1515M_09-Nov-2006",2006
"ZM151M",2002
"ZM1534F",2009
"ZM1534F_10-Dec-2009",2009
"ZM1534M",2009
"ZM1541M_23-Jan-2009",2009
"ZM1550F",2007
"ZM1550M",2007
"ZM1550M",2008
"ZM155F",2001
"ZM155M",2001
"ZM1573F",2006
"ZM1573F",2007
"ZM1573F",2008
"ZM1573F_23-Feb-2006",2006
"ZM1573M",2006
"ZM1581M",2005
"ZM1585F",2006
"ZM1586M",2006
"ZM1587F",2006
"ZM1590M",2006
"ZM1591F",2006
"ZM1592M",2006
"ZM1599M",2006
"ZM1600F",2006
"ZM1613F",2006
"ZM1613F",2007
"ZM1613F",2008
"ZM1613F_17-Jun-2006",2006
"ZM1613M",2006
"ZM1626F",2006
"ZM1626M",2005
"ZM1626M",2006
"ZM1626M",2007
"ZM1626M",2008
"ZM1626M_23-Aug-2006",2006
"ZM1639M_20-Feb-2009",2009
"ZM164F",2002
"ZM164M",2002
"ZM164M_07-Aug-2009",2009
"ZM1656M",2005
"ZM1657M",2005
"ZM1658F",2006
"ZM1658F",2007
"ZM1658F",2008
"ZM1658F_08-Jun-2006",2006
"ZM1658M",2006
"ZM1662F",2006
"ZM1662F",2007
"ZM1662F",2008
"ZM1662F_08-Jun-2006",2006
"ZM1662M",2006
"ZM1672F",2006
"ZM1675M",2006
"ZM1685F",2006
"ZM1685M",2006
"ZM1685M",2007
"ZM1685M",2008
"ZM1685M_09-Mar-2006",2006
"ZM1688M",2006
"ZM1689M",2006
"ZM1691F",2006
"ZM1693M",2006
"ZM1696F",2006
"ZM1697M",2006
"ZM1699F",2008
"ZM1699F_30-Sep-2008",2008
"ZM1699M",2008
"ZM16M_07-Jun-2007",2007
"ZM1707F_15-Dec-2007",2007
"ZM1707M",2006
"ZM1710F",2006
"ZM1710F",2007
"ZM1710F",2008
"ZM1710F_14-Nov-2006",2006
"ZM1710M",2006
"ZM173F",2001
"ZM173M",2001
"ZM1747F",2009
"ZM1747M",2009
"ZM174F",2001
"ZM1754M",2006
"ZM176F",2002
"ZM176M",2002
"ZM177F",2004
"ZM177F",2005
"ZM177M",2004
"ZM1781F",2008
"ZM1781M",2008
"ZM1781M_12-Feb-2008",2008
"ZM1788F",2007
"ZM1788F",2008
"ZM1788F",2009
"ZM1788F_10-Feb-2007",2007
"ZM1788M",2007
"ZM178F",2003
"ZM178F",2004
"ZM178F",2005
"ZM178M",2003
"ZM1792M_18-Dec-2007",2007
"ZM179F",2003
"ZM179M",2003
"ZM179M_27-May-2009",2009
"ZM1801F_03-Nov-2007",2007
"ZM1803F",2007
"ZM1803F",2008
"ZM1803F",2009
"ZM1803F_12-Jul-2007",2007
"ZM1803M",2007
"ZM1808F_24-Jan-2008",2008
"ZM180F",2002
"ZM180M",2002
"ZM180M",2003
"ZM180M",2004
"ZM182F",2004
"ZM182F",2005
"ZM182F",2006
"ZM182M",2004
"ZM185F",2002
"ZM185F",2003
"ZM185F",2004
"ZM185M",2002
"ZM1862F",2008
"ZM1862M",2008
"ZM1862M_26-Jul-2008",2008
"ZM1863M_18-Oct-2008",2008
"ZM186F",2002
"ZM186M",2002
"ZM186M",2003
"ZM186M",2004
"ZM188F",2004
"ZM188M",2004
"ZM1906F",2009
"ZM1906M",2009
"ZM1906M_28-May-2009",2009
"ZM190F",2003
"ZM190F",2004
"ZM190F",2005
"ZM190M",2003
"ZM193F",2003
"ZM193F",2004
"ZM193F",2005
"ZM193M",2003
"ZM1940M_26-Aug-2009",2009
"ZM194F",2003
"ZM194M",2003
"ZM194M",2004
"ZM194M",2005
"ZM1953F_06-Dec-2008",2008
"ZM1957F",2008
"ZM1957M",2008
"ZM1957M_11-Mar-2008",2008
"ZM195F",2004
"ZM195M",2004
"ZM195M",2005
"ZM196F",2002
"ZM196F",2003
"ZM196F",2004
"ZM196M",2002
"ZM198F",2004
"ZM198M",2004
"ZM199F",2004
"ZM199M",2004
"ZM199M",2005
"ZM199M",2006
"ZM1_9F",2008
"ZM1_9M",2008
"ZM2003M_08-Aug-2008",2008
"ZM2006M_13-May-2009",2009
"ZM2013F_02-May-2008",2008
"ZM201F",2003
"ZM201M",2003
"ZM201M",2004
"ZM201M",2005
"ZM202F",2004
"ZM202F",2005
"ZM202F",2006
"ZM202M",2004
"ZM203F",2004
"ZM203F",2005
"ZM203M",2004
"ZM204F",2004
"ZM204M",2004
"ZM205F",2003
"ZM205F",2004
"ZM205F",2005
"ZM205M",2003
"ZM2063F",2008
"ZM2063M",2008
"ZM2063M_29-Apr-2008",2008
"ZM206F",2002
"ZM206M",2002
"ZM207F",2003
"ZM207M",2003
"ZM208F",2005
"ZM208M",2005
"ZM208M",2006
"ZM208M",2007
"ZM209F",2003
"ZM209M",2003
"ZM210F",2003
"ZM210M",2003
"ZM213F",2003
"ZM213F",2004
"ZM213F",2005
"ZM213M",2003
"ZM216F",2004
"ZM216M",2004
"ZM217F",2003
"ZM217M",2003
"ZM217M",2004
"ZM217M",2005
"ZM218F",2002
"ZM218F",2003
"ZM218F",2004
"ZM218F",2005
"ZM218M",2002
"ZM219F",2004
"ZM219F",2005
"ZM219F",2006
"ZM219M",2004
"ZM221F",2003
"ZM221M",2003
"ZM221M",2004
"ZM221M",2005
"ZM223F",2003
"ZM223M",2003
"ZM225F",2003
"ZM225M",2003
"ZM226F",2003
"ZM226M",2003
"ZM226M",2004
"ZM226M",2005
"ZM227F",2003
"ZM227M",2003
"ZM227M",2004
"ZM227M",2005
"ZM228F",2003
"ZM228M",2003
"ZM228M",2004
"ZM228M",2005
"ZM229F",2002
"ZM229M",2002
"ZM230F",2003
"ZM230F",2004
"ZM230F",2005
"ZM230M",2003
"ZM231F",2002
"ZM231M",2002
"ZM232F",2004
"ZM232M",2004
"ZM234F",2004
"ZM234M",2004
"ZM235F",2002
"ZM235M",2002
"ZM236F",2003
"ZM236M",2003
"ZM236M",2004
"ZM236M",2005
"ZM236M_12-Feb-2009",2009
"ZM238F",2002
"ZM238M",2002
"ZM239F",2004
"ZM239F",2005
"ZM239F",2006
"ZM239M",2004
"ZM240F",2003
"ZM240F",2004
"ZM240F",2005
"ZM240M",2003
"ZM241F",2003
"ZM241M",2003
"ZM242F",2003
"ZM242F",2004
"ZM242F",2005
"ZM242M",2003
"ZM243F",2004
"ZM243F",2005
"ZM243F",2006
"ZM243M",2004
"ZM244F",2003
"ZM244M",2003
"ZM244M",2004
"ZM244M",2005
"ZM246F_flA1",2003
"ZM246F_flA10",2003
"ZM246F_flA2",2003
"ZM246F_flA6",2003
"ZM246F_flB1",2003
"ZM246F_flC12",2003
"ZM246F_flC3",2003
"ZM246F_flC5",2003
"ZM246F_flC7",2003
"ZM246F_flD5",2003
"ZM247F_flA1",2003
"ZM247F_flA12",2003
"ZM247F_flA2",2003
"ZM247F_flB8",2003
"ZM247F_flB9",2003
"ZM247F_flE10",2003
"ZM247F_flE11",2003
"ZM247F_flE3",2003
"ZM247F_flF10",2003
"ZM247F_flF7",2003
"ZM247F_flG11",2003
"ZM247F_flG6",2003
"ZM247F_flH1",2003
"ZM248F",2003
"ZM248M",2003
"ZM249M_flA1",2003
"ZM249M_flC1",2003
"ZM249M_flC5",2003
"ZM249M_flD12",2003
"ZM249M_flE10",2003
"ZM249M_flE8",2003
"ZM249M_flF1",2003
"ZM251F",2004
"ZM251F",2005
"ZM251F",2006
"ZM251M",2004
"ZM252F",2004
"ZM252F",2005
"ZM252F",2006
"ZM252M",2004
"ZM254F",2004
"ZM254F",2005
"ZM254F",2006
"ZM254M",2004
"ZM257F",2003
"ZM257M",2003
"ZM258F",2003
"ZM258F",2004
"ZM258F",2005
"ZM258M",2003
"ZM259F",2003
"ZM259M",2003
"ZM260F",2004
"ZM260M",2004
"ZM262F",2004
"ZM262M",2004
"ZM263F",2003
"ZM263M",2003
"ZM264F",2004
"ZM264F",2005
"ZM264F",2006
"ZM264M",2004
"ZM266F",2003
"ZM266F",2004
"ZM266F",2005
"ZM266M",2003
"ZM268F",2004
"ZM268M",2004
"ZM268M",2005
"ZM268M",2006
"ZM26F_16-Oct-2007",2007
"ZM270F",2004
"ZM270F",2005
"ZM270F",2006
"ZM270M",2004
"ZM271F",2004
"ZM271M",2004
"ZM272M",2003
"ZM273F",2004
"ZM273M",2004
"ZM274F",2004
"ZM274F",2005
"ZM274F",2006
"ZM274M",2004
"ZM276F",2004
"ZM276F",2005
"ZM276F",2006
"ZM276M",2004
"ZM277F",2005
"ZM277M",2005
"ZM278F",2005
"ZM278M",2005
"ZM279F",2005
"ZM279M",2005
"ZM27M_02-Feb-2007",2007
"ZM280F",2005
"ZM280F",2006
"ZM280F",2007
"ZM280M",2005
"ZM282F_08-Apr-2009",2009
"ZM283F",2005
"ZM283M",2005
"ZM286F",2005
"ZM286M",2005
"ZM287F",2005
"ZM287M",2005
"ZM288F",2005
"ZM288M",2005
"ZM290F_18-May-2010",2010
"ZM292F",2005
"ZM292M",2005
"ZM294F",2005
"ZM294M",2005
"ZM296F",2005
"ZM296M",2005
"ZM299F",2005
"ZM299M",2005
"ZM310F",2005
"ZM310F",2006
"ZM310F",2007
"ZM310F_21-Sep-2005",2005
"ZM310M",2005
"ZM312F",2005
"ZM312F",2006
"ZM312F",2007
"ZM312F_07-Oct-2005",2005
"ZM312M",2005
"ZM314F",2005
"ZM314F",2006
"ZM314F",2007
"ZM314M",2005
"ZM319F",2005
"ZM319M",2005
"ZM319M",2006
"ZM319M",2007
"ZM319M_30-Nov-2005",2005
"ZM320F_13-Feb-2009",2009
"ZM321F_21-Dec-2005",2005
"ZM322F",2006
"ZM322F",2007
"ZM322F",2008
"ZM322M",2006
"ZM323F",2006
"ZM323M",2006
"ZM323M",2007
"ZM323M",2008
"ZM323M_11-Jan-2006",2006
"ZM324M",2005
"ZM326F",2007
"ZM326M",2007
"ZM326M",2008
"ZM326M",2009
"ZM326M_17-Feb-2007",2007
"ZM330F",2005
"ZM331F",2005
"ZM331F",2009
"ZM331M",2009
"ZM331M_08-Apr-2009",2009
"ZM333F_30-Sep-2008",2008
"ZM334M",2005
"ZM3471M_25-Jul-2009",2009
"ZM348M",2005
"ZM349F",2005
"ZM34F_05-Sep-2007",2007
"ZM351F",2005
"ZM3558M_30-Jan-2010",2010
"ZM3576F",2009
"ZM3576F_28-Mar-2009",2009
"ZM3576M",2009
"ZM358M",2005
"ZM360F",2005
"ZM3618F",2009
"ZM3618M",2009
"ZM3618M_18-Jun-2009",2009
"ZM361M",2005
"ZM3635F_12-Jan-2010",2010
"ZM363F",2005
"ZM3658F",2009
"ZM3658M",2009
"ZM3658M_24-Jan-2009",2009
"ZM3678F",2009
"ZM3678M",2009
"ZM3678M_17-Sep-2009",2009
"ZM367M",2005
"ZM3681F_28-Apr-2009",2009
"ZM369F",2005
"ZM3701F",2009
"ZM3701M",2009
"ZM3701M_25-Mar-2009",2009
"ZM3733F",2009
"ZM3733M",2009
"ZM3733M_15-Jul-2009",2009
"ZM373F",2005
"ZM3779M_06-Aug-2009",2009
"ZM377F",2005
"ZM37F_17-Oct-2007",2007
"ZM3802F",2009
"ZM3802M",2009
"ZM3802M_31-Oct-2009",2009
"ZM3827F",2009
"ZM3827M",2009
"ZM3827M_10-Jul-2009",2009
"ZM3841F",2009
"ZM3841F_29-May-2009",2009
"ZM3841M",2009
"ZM3863F",2009
"ZM3863F_24-Sep-2009",2009
"ZM3863M",2009
"ZM388F",2005
"ZM389M",2005
"ZM38F",2000
"ZM38F_21-Apr-2007",2007
"ZM38M",2000
"ZM394M",2005
"ZM399F",2005
"ZM39F",1999
"ZM39M",1999
"ZM3F_22-Nov-2006",2006
"ZM401F_14-Apr-2010",2010
"ZM402M",2005
"ZM403F",2006
"ZM403F",2007
"ZM403F",2008
"ZM403F",2009
"ZM403F_01-Nov-2006",2006
"ZM403M",2006
"ZM405M",2006
"ZM406M",2005
"ZM408F",2005
"ZM409M",2005
"ZM410F",2005
"ZM413M",2005
"ZM416F",2005
"ZM41F",1999
"ZM41F_17-Jan-2008",2008
"ZM41M",1999
"ZM420F",2005
"ZM4248F",2010
"ZM4248M",2010
"ZM424M",2005
"ZM429M",2005
"ZM434F",2007
"ZM434M",2007
"ZM434M_31-Jan-2007",2007
"ZM436F",2005
"ZM438F",2005
"ZM445M_05-May-2006",2006
"ZM4473F",2011
"ZM4473M",2011
"ZM448F",2009
"ZM448F_01-Apr-2009",2009
"ZM448M",2009
"ZM449F",2005
"ZM44F_09-Jun-2007",2007
"ZM452M",2005
"ZM454M",2005
"ZM455F",2005
"ZM457M",2005
"ZM45F",2000
"ZM45M",2000
"ZM460F",2006
"ZM464M",2005
"ZM468M",2005
"ZM470M",2005
"ZM472F",2005
"ZM475M",2005
"ZM479M",2005
"ZM480F",2007
"ZM480M",2007
"ZM480M",2008
"ZM480M",2009
"ZM480M_03-Mar-2007",2007
"ZM485M",2005
"ZM487M",2005
"ZM488M",2005
"ZM48F",2000
"ZM48M",2000
"ZM495F_04-Jan-2007",2007
"ZM497M",2006
"ZM498F_11-Feb-2006",2006
"ZM499M",2005
"ZM502F",2005
"ZM503F_09-Feb-2007",2007
"ZM503M",2005
"ZM504M_12-Sep-2006",2006
"ZM507F",2005
"ZM511F",2005
"ZM515F",2005
"ZM519F",2005
"ZM51F",1999
"ZM522M",2005
"ZM523M",2005
"ZM531F",2006
"ZM531F",2007
"ZM531F",2008
"ZM531M",2006
"ZM540F",2005
"ZM541M",2005
"ZM547F",2005
"ZM551M",2006
"ZM559F",2005
"ZM560F",2005
"ZM562M",2005
"ZM563M_12-Apr-2006",2006
"ZM564M",2005
"ZM566M",2005
"ZM570F",2005
"ZM57M_20-May-2008",2008
"ZM586F_13-Apr-2010",2010
"ZM59M_14-Aug-2008",2008
"ZM629M",2005
"ZM632M",2005
"ZM634F",2007
"ZM634F",2008
"ZM634F",2009
"ZM634F_24-Jul-2007",2007
"ZM634M",2007
"ZM63F_10-Jun-2008",2008
"ZM642M_17-Mar-2009",2009
"ZM645M",2005
"ZM66F",1998
"ZM66M",1998
"ZM675F",2005
"ZM67F_22-Apr-2008",2008
"ZM681F",2005
"ZM709F",2006
"ZM714M",2005
"ZM71F",1998
"ZM71M",1998
"ZM775M",2006
"ZM77M_13-Mar-2008",2008
"ZM786M",2005
"ZM801F",2005
"ZM806F",2005
"ZM814M",2005
"ZM851F_22-Apr-2006",2006
"ZM863F",2005
"ZM870F",2005
"ZM884M",2005
"ZM924F",2005
"ZM946M",2005
"ZM949F",2005
"ZM970F",2005
"ZM971F",2005
"ZM972F",2005
"ZM991M",2005
"ZM9F_22-Nov-2006",2006
